﻿<?xml version="1.0" encoding="utf-8" standalone="no" ?>
<modDesc descVersion="40">
    <author>Admin</author>
    <version>1.0.0.0</version>
    <iconFilename>store.png</iconFilename>
	
	<title>
        <en>Fiat 1300DT RMT Sample</en>	
        <de>Fiat 1300DT RMT Sample</de>
    </title>
	
    <description>
		<en>
<![CDATA[Fiat 1300DT]]]>	
		</en>	
        <de>
<![CDATA[Fiat 1300DT]]>
		</de>
    </description>
	
    <storeItems>
        <storeItem xmlFilename="fiat1300dt.xml"/>
    </storeItems>
</modDesc>
