<?xml version="1.0" encoding="utf-8" standalone="no" ?>
<sounds>
    <motorStart template="DEFAULT_MOTOR_START" file="sound/start.wav" linkNode="0>"/>
    <motorStop template="DEFAULT_MOTOR_STOP" file="sound/stop.wav" linkNode="0>"/>

    <motor template="DEFAULT_MOTOR_IDLE" file="sound/idle.wav" linkNode="0>"/>
	
	<motor file="sound/run.wav" linkNode="0>" innerRadius="45.0" outerRadius="100.0">
		 <pitch indoor="1" outdoor="1.0" >
            <modifier type="MOTOR_RPM" value="0.25" modifiedValue="0.45" />
            <modifier type="MOTOR_RPM" value="1.00" modifiedValue="0.9" />
        </pitch>	
        <volume indoor="0.8" outdoor="1.0" >
            <modifier type="MOTOR_RPM" value="0.00" modifiedValue="0.00" />
            <modifier type="MOTOR_RPM" value="0.80" modifiedValue="1.00" />
			
            <modifier type="MOTOR_LOAD" value="0.0" modifiedValue="1.00" />
            <modifier type="MOTOR_LOAD" value="1.0" modifiedValue="0.00" />
        </volume>
	</motor>
	
	<motor file="sound/load.wav" linkNode="0>" innerRadius="45.0" outerRadius="100.0" >
        <pitch indoor="1" outdoor="1.0" >
            <modifier type="MOTOR_RPM" value="0.25" modifiedValue="0.45" />
            <modifier type="MOTOR_RPM" value="1.00" modifiedValue="1.45" />
        </pitch>	
        <volume indoor="0.8" outdoor="1.0" >
            <modifier type="MOTOR_LOAD" value="0.0" modifiedValue="0.00" />
			<modifier type="MOTOR_LOAD" value="0.1" modifiedValue="0.4" />
			<modifier type="MOTOR_LOAD" value="0.8" modifiedValue="1.20" />
            <modifier type="MOTOR_LOAD" value="1.0" modifiedValue="1.20" />
        </volume>
    </motor>
	
    <airCompressorStart template="BRAKE_COMPRESSOR_START" linkNode="0>"/>
    <airCompressorStop template="BRAKE_COMPRESSOR_STOP" linkNode="0>"/>
    <airCompressorRun template="BRAKE_COMPRESSOR_RUN" linkNode="0>"/>
    <compressedAir template="BRAKE_SMALL" linkNode="0>"/>
    <airRelease template="BRAKE_REGULATOR_VALVE" linkNode="0>"/>
</sounds>
