<?xml version="1.0" encoding="utf-8" standalone="no" ?>

<GUI onOpen="onOpen" onClose="onClose" onCreate="onCreate">
    <GuiElement type="empty" profile="newLayer" />
    <GuiElement type="bitmap" profile="dialogFullscreenBg" />

    <GuiElement debugEnabled="false" type="bitmap" profile="dialogBg" size="1200px 700px" id="dialogElement">
        <GuiElement type="flowLayout" profile="buttonBoxDialog" id="buttonsPC">
            <GuiElement type="button" profile="buttonOK" text="$l10n_button_confirm" onClick="onClickOk" id="yesButton"/>
            <GuiElement type="button" profile="buttonBack" text="$l10n_button_back" onClick="onClickBack" id="noButton"/>
        </GuiElement>



        
    </GuiElement>
</GUI>