<?xml version="1.0" encoding="utf-8" standalone="no" ?>

<GUI onOpen="onOpen" onClose="onClose" onCreate="onCreate">
    <GuiElement type="empty" profile="newLayer" />
    <GuiElement type="bitmap" profile="dialogFullscreenBg" />

    <GuiElement debugEnabled="false" type="bitmap" profile="dialogBg" size="316px 500px" id="dialogElement">
        <GuiElement type="flowLayout" profile="buttonBoxDialog" id="buttonsPC">
            <GuiElement type="button" profile="buttonOK" text="$l10n_button_confirm" onClick="onClickOk" id="yesButton"/>
            <GuiElement type="button" profile="buttonBack" text="$l10n_button_back" onClick="onClickBack" id="noButton"/>
        </GuiElement>

        <!-- 576px 48px size default -->
        <GuiElement type="button" profile="ingameMenuSettingsNativeHelpButton" position="0px 450px" text="Main Settings" onClick="onClick_mainSettings" id="button_mainSettings"/>

        <GuiElement type="button" profile="ingameMenuSettingsNativeHelpButton" position="0px 400px" text="Hud Settings" onClick="onClick_hudSettings" id="button_hudSettings"/>

        <GuiElement type="button" profile="ingameMenuSettingsNativeHelpButton" position="0px 350px" text="Input Settings" onClick="onClick_inputSettings" id="button_inputSettings"/>


    </GuiElement>
</GUI>