<basegameConfigs>
	
	<!-- Config file for realManualTransmission configs for basegame vehicles (Note, this only works for basegame vehicles! Not Mods) -->
	<!-- identification via XML name -->
	
	
	<!-- Sample configuration with all possible values/attributes -->
																		<!-- configFile is only needed in this XML to identify the basegame vehicle, it is not for the use in Mods! If you want to add a config for a basegame, the name of the XML of that vehicle is what you need to add here -->
	<realManualTransmission finalRatio="1" switchGearRangeMapping="true" configFile="Beispiel.xml" > <!-- finalRatio: speed multiplier for the entire transmission, switchGearRangeMapping: you can change the mapping so you shift the ranges with the gear buttons and gears with the range buttons -->
		
		<!-- gears configuration. Every transmission needs to have gears. The number of gears is minimum of 2, no maximum -->	
		<gears defaultGear="1" powerShift="false" > <!-- defaultGear is optional, you can set gears to powerShift true -->
			<gear speed="5.4" name="1" isReverse="true"/> <!-- gear speed is speed in kph at max/norm RPM, name is name, isReverse is optional you can turn any gear into a reverse gear -->
			<gear speed="9.0" name="2" />
			<gear speed="13.4" name="3" />
			<gear speed="20.9" name="4" />
			<gear speed="30.7" name="5" />
			<gear speed="50.0" name="6" disableInRangeSet1="1" disableInRangeSet2="2 4" disableInRangeSet3="1 2" /> <!-- you can disable gears in certain ranges, this is buggy still -->
		</gears>
		
		<!-- RangeSets, rangeSets are also optional you don't need any-->
		<!-- There are up to 3 rangeSets possible -->
		<rangeSet1 powerShift="true" defaultRange="2" hasNeutralPosition="false" > <!-- powerShift: if the rangeSet is powershiftable, defaultRange is obvious, hasNeutralPosition, you can have a neutral position for the ranges. This is not useful yet, but maybe in future -->
			<range ratio="0.512" name="I" /> <!-- the ratio is the ratio the speed is multiplied, name is the display name -->
			<range ratio="0.612" name="II" />
			<range ratio="0.72" name="III" isReverse="true"/> <!-- you can also add isReverse to any range to make it a reverse range -->
			<range ratio="1" name="IV" />
		</rangeSet1>
		

		<rangeSet2 powerShift="false" defaultRange="2">
			<range ratio="0.5" name="LO" />
			<range ratio="1" name="HI" />
		</rangeSet2>
		
		<rangeSet3 powerShift="false" defaultRange="2">
			<range ratio="1" name="R" isReverse="true" />
			<range ratio="1" name="V" />
		</rangeSet3>
		
		<!-- this is the reverser, it is optional. In case of the 500 Fendt, we have a preselect type. That means that you can toggle the reverser but nothing happens until you press the clutch all the way in -->
		<!-- if you just have a normal reverser the type is type="normal" and it works like you expect a normal reverser to work -->
		<!-- for an example of how the preselect reverser works, look at the 500 Fendt Samplemod -->		
		<reverser type="normal" > <!-- normal or preselect -->
			<ratios forward="1" reverse="1" />
			<settings brakeAggressionBias="1" clutchTime="500" /> <!-- settings are optional, it uses default values. But you can influence the amount/aggression when braking with brakeAggressionBias and the time the clutch takes to close again with clutchTime -->
		</reverser>	
		
	</realManualTransmission>	
	
	<!-- end sample -->
	
	<!-- start actual -->

	<realManualTransmission configFile="ASeries.xml" >
        <gears>
            <gear speed="8.1" name="1" />
            <gear speed="11.2" name="2" />
            <gear speed="15.4" name="3" />
            <gear speed="21.4" name="4" />
            <gear speed="29.8" name="5" />
            <gear speed="40.5" name="6" />
        </gears>
		
     	<reverser type="normal" > 
			<ratios forward="1" reverse="1" />
			<settings brakeAggressionBias="0.3" clutchTime="1200" />
		</reverser>	   
        
        <rangeSet1 powerShift="false" defaultRange="1" >
            <range ratio="1" name="B" />
            <range ratio="0.244" name="A" />
        </rangeSet1>
            
        <rangeSet2 powerShift="false" defaultRange="1" >
            <range ratio="1" name="" />
            <range ratio="0.0659" name="K" />
        </rangeSet2>
        
    </realManualTransmission>
	
	<realManualTransmission configFile="series6M.xml" >
        <gears>
            <gear speed="4.4"  name="A" />
            <gear speed="9.4"  name="B" />
            <gear speed="15.0" name="C" />
            <gear speed="33.4" name="D" />
            <gear speed="50.0" name="E" />
        </gears>
		
     	<reverser type="normal" > 
			<ratios forward="1" reverse="1" />
			<settings brakeAggressionBias="0.3" clutchTime="750" />
		</reverser>	   
        
        <rangeSet1 powerShift="true" defaultRange="1" >
            <range ratio="0.549" name="1" />
            <range ratio="0.716" name="2" />
			<range ratio="0.86"  name="3" />
            <range ratio="1"     name="4" />
        </rangeSet1>
    </realManualTransmission>	
	
	<realManualTransmission configFile="fiat1300dt.xml">
	
		<gears>
			<gear speed="12.5" name="1" />
			<gear speed="14.5" name="2" />
			<gear speed="19" name="3" />
			<gear speed="25" name="4" />
		</gears>
		
		<rangeSet1 powerShift="false" defaultRange="2" >
			<range ratio="0.7" name="R" isReverse="true" />
			<range ratio="0.164" name="L" />
			<range ratio="0.4" name="M" />
			<range ratio="1" name="V" />
		</rangeSet1>
			
	</realManualTransmission>	



</basegameConfigs>