<basegameConfigs>
	
	<!-- Config file for realManualTransmission configs for basegame vehicles (Note, this only works for basegame vehicles! Not Mods) -->
	<!-- identification via XML name -->
	
	<!-- Changelog -->
	<!--
		-- a lot of new configs added by Johny6210, Thank you!! 
	
		added features in V 0.4.0.4
		the addition of disableGears and disableRangesSet1 - disableRangesSet3 in each ratio tag in the ranges 
		- you can add certain gears or ranges that are disabled in this range. You can select if we want to lock shifting into that range or just shift into neutral at the same time for disabled gears.
		- the disableInRangesX attributes for the gears that did not work properly anyways are now removed since having those tags in the ranges instead is way better. 
	-->
	
	
	<!-- Sample configuration with all possible values/attributes -->
																		<!-- configFile is only needed in this XML to identify the basegame vehicle, it is not for the use in Mods! If you want to add a config for a basegame, the name of the XML of that vehicle is what you need to add here -->
	<realManualTransmission finalRatio="1" switchGearRangeMapping="true" configFile="Beispiel.xml" autoRangeMatching="true" > <!-- finalRatio: speed multiplier for the entire transmission, switchGearRangeMapping: you can change the mapping so you shift the ranges with the gear buttons and gears with the range buttons -->
		<!-- autoRangeMatching: if this is active, RMT will automatically select the closest range in rangeSet1 when you shift into a new gear. For example John Deere PowerQuad-Plus -->
		
		<!-- gears configuration. Every transmission needs to have gears. The number of gears is minimum of 2, no maximum -->	
		<gears defaultGear="1" powerShift="false" > <!-- defaultGear is optional, you can set gears to powerShift true -->
			<gear speed="5.4" name="1" isReverse="true"/> <!-- gear speed is speed in kph at max/norm RPM, name is name, isReverse is optional you can turn any gear into a reverse gear -->
			<gear speed="9.0" name="2" />
			<gear speed="13.4" name="3" />
			<gear speed="20.9" name="4" />
			<gear speed="30.7" name="5" />
			<gear speed="50.0" name="6" /> 
		</gears>
		
		<!-- RangeSets, rangeSets are also optional you don't need any-->
		<!-- There are up to 3 rangeSets possible -->
		<rangeSet1 powerShift="true" defaultRange="2" hasNeutralPosition="false" > <!-- powerShift: if the rangeSet is powershiftable, defaultRange is obvious, hasNeutralPosition, you can have a neutral position for the ranges. This is not useful yet, but maybe in future -->
			<range ratio="0.512" name="I" /> <!-- the ratio is the ratio the speed is multiplied, name is the display name -->
			<range ratio="0.612" name="II" />
			<range ratio="0.72" name="III" isReverse="true"/> <!-- you can also add isReverse to any range to make it a reverse range -->
			<range ratio="1" name="IV" >
				<disableGears gears="1 2" disableType="neutral" /> <!-- you can add gears that are disabled in this range, here gear1 and gear2; disableType="neutral" means that we shift gears to neutral if we select this group. Alternative: disableType="lock" -> we simply can not shift into this range/group while we are in the disabled gear -->
				<disableRangesSet2 ranges="1" disableType="lock" />  <!-- you can add other ranges that are disabled in this range. Here it is range 1 in rangeSet2. possible disableTypes are "lock" only right now -->
			</range>
		</rangeSet1>
		

		<rangeSet2 powerShift="false" defaultRange="2">
			<range ratio="0.5" name="LO" />
			<range ratio="1" name="HI" />
		</rangeSet2>
		
		<rangeSet3 powerShift="false" defaultRange="2">
			<range ratio="1" name="R" isReverse="true" />
			<range ratio="1" name="V" />
		</rangeSet3>
		
		<!-- this is the reverser, it is optional. In case of the 500 Fendt, we have a preselect type. That means that you can toggle the reverser but nothing happens until you press the clutch all the way in -->
		<!-- if you just have a normal reverser the type is type="normal" and it works like you expect a normal reverser to work -->
		<!-- for an example of how the preselect reverser works, look at the 500 Fendt Samplemod -->	
		<!-- for a purely mechanical/manual reverser you need type="clutchOnly" that way you have to clutch to shift the reverser -->
		<reverser type="normal" > <!-- normal, clutchOnly or preselect -->
			<ratios forward="1" reverse="1" />
			<settings brakeAggressionBias="1" clutchTime="500" /> <!-- settings are optional, it uses default values. But you can influence the amount/aggression when braking with brakeAggressionBias and the time the clutch takes to close again with clutchTime -->
		</reverser>	
		
	</realManualTransmission>	
	
	<!-- end sample -->
	
	<!-- start actual -->
	
<realManualTransmission configFile="1104.xml" >
	
        <gears defaultGear="1">
            <gear speed="11.2" name="1" />
            <gear speed="15.4" name="2" />
            <gear speed="27.4" name="3" />
            <gear speed="40.5" name="4" />
        </gears>
		
     	<reverser type="normal" > 
			<ratios forward="1" reverse="1" />
			<settings brakeAggressionBias="0.3" clutchTime="500" />
		</reverser>	   
        
        <rangeSet1 powerShift="true" defaultRange="1" >
            <range ratio="1" name="H" />
            <range ratio="0.744" name="L" />
        </rangeSet1>
            
        <rangeSet2 powerShift="false" defaultRange="1" >
            <range ratio="1" name="HI" />
            <range ratio="0.659" name="LO" />
        </rangeSet2>
        
    </realManualTransmission>

	<realManualTransmission configFile="magnum7240Pro.xml" >
	
        <gears defaultGear="14" powerShift="true">
            <gear speed="13.9" name="R6" isReverse="true" />
            <gear speed="12.1" name="R5" isReverse="true" />	
            <gear speed="6.2" name="R4" isReverse="true" />
            <gear speed="4.1" name="R3" isReverse="true" />			
            <gear speed="3.5" name="R2" isReverse="true" />      
			<gear speed="2.5" name="R1" isReverse="true" />
            <gear speed="1.1" name="1" />
            <gear speed="1.4" name="2" />
            <gear speed="1.9" name="3" />
            <gear speed="2.4" name="4" />
            <gear speed="3.1" name="5" />
            <gear speed="4.1" name="6" />
            <gear speed="3.5" name="7" />
            <gear speed="4.1" name="8" />
            <gear speed="4.8" name="9" />
            <gear speed="5.2" name="10" />
            <gear speed="6.1" name="11" />
            <gear speed="7.2" name="12" />
            <gear speed="8.2" name="13" />
            <gear speed="9.3" name="14" />
            <gear speed="11.1" name="15" />
            <gear speed="12.5" name="16" />
            <gear speed="14.2" name="17" />
            <gear speed="16.5" name="18" />
            <gear speed="18.9" name="19" />
            <gear speed="21.7" name="20" />
            <gear speed="24.9" name="21" />
            <gear speed="28.8" name="22" />
            <gear speed="32.8" name="23" />
            <gear speed="37.7" name="24" />			
        </gears>		
		
    </realManualTransmission>
	
	<realManualTransmission configFile="magnum.xml" >
	
        <gears defaultGear="9" powerShift="true">
            <gear speed="10.9" name="R4" isReverse="true" />
            <gear speed="9.04" name="R3" isReverse="true" />		
            <gear speed="4.33" name="R2" isReverse="true" />	
            <gear speed="3.66" name="R1" isReverse="true" />		
            <gear speed="2.07" name="1" />	
            <gear speed="2.49" name="2" />	
            <gear speed="2.99" name="3" />	
            <gear speed="3.66" name="4" />	
            <gear speed="4.33" name="5" />	
            <gear speed="5.22" name="6" />	
            <gear speed="6.25" name="7" />	
            <gear speed="7.52" name="8" />	
            <gear speed="9.04" name="9" />	
            <gear speed="10.9" name="10" />	
            <gear speed="13.1" name="11" />	
            <gear speed="15.7" name="12" />	
            <gear speed="18.9" name="13" />	
            <gear speed="22.7" name="14" />	
            <gear speed="27.3" name="15" />	
            <gear speed="32.8" name="16" />	
            <gear speed="39.4" name="17" />	
            <gear speed="47.4" name="18" />	
            <gear speed="57" name="19" />				
        </gears>
		
    </realManualTransmission>	

	<realManualTransmission configFile="quadtrac.xml" >
	
        <gears defaultGear="9" powerShift="true">
            <gear speed="13.5" name="R2" isReverse="true" />		
            <gear speed="6.75" name="R1" isReverse="true" />
            <gear speed="1.68" name="1" />
            <gear speed="2.08" name="2" />
            <gear speed="2.57" name="3" />
            <gear speed="3.18" name="4" />
            <gear speed="3.92" name="5" />
            <gear speed="4.85" name="6" />
            <gear speed="5.99" name="7" />
            <gear speed="7.45" name="8" />
            <gear speed="9.14" name="9" />
            <gear speed="11.3" name="10" />
            <gear speed="13.9" name="11" />
            <gear speed="17.2" name="12" />
            <gear speed="21.3" name="13" />
            <gear speed="26.3" name="14" />
            <gear speed="32.5" name="15" />
            <gear speed="40.1" name="16" />			
        </gears>
		
    </realManualTransmission>

	<realManualTransmission configFile="mt700.xml" >
	
        <gears defaultGear="9" powerShift="true">
            <gear speed="15.3" name="R4" isReverse="true" />			
            <gear speed="6.29" name="R3" isReverse="true" />	
            <gear speed="5.59" name="R2" isReverse="true" />			
            <gear speed="2.34" name="R1" isReverse="true" />			
            <gear speed="2.87" name="1" />
            <gear speed="3.65" name="2" />
            <gear speed="4.62" name="3" />
            <gear speed="5.86" name="4" />
            <gear speed="6.98" name="5" />
            <gear speed="7.86" name="6" />
            <gear speed="8.87" name="7" />
            <gear speed="9.98" name="8" />
            <gear speed="11.2" name="9" />
            <gear speed="12.6" name="10" />
            <gear speed="14.3" name="11" />
            <gear speed="16.1" name="12" />
            <gear speed="19.1" name="13" />
            <gear speed="24.3" name="14" />
            <gear speed="30.7" name="15" />
            <gear speed="39.0" name="16" />			
        </gears>
		
    </realManualTransmission>

	<realManualTransmission configFile="mt800.xml" >
	
        <gears defaultGear="9" powerShift="true">
            <gear speed="15.3" name="R4" isReverse="true" />			
            <gear speed="6.29" name="R3" isReverse="true" />	
            <gear speed="5.59" name="R2" isReverse="true" />			
            <gear speed="2.34" name="R1" isReverse="true" />			
            <gear speed="2.87" name="1" />
            <gear speed="3.65" name="2" />
            <gear speed="4.62" name="3" />
            <gear speed="5.86" name="4" />
            <gear speed="6.98" name="5" />
            <gear speed="7.86" name="6" />
            <gear speed="8.87" name="7" />
            <gear speed="9.98" name="8" />
            <gear speed="11.2" name="9" />
            <gear speed="12.6" name="10" />
            <gear speed="14.3" name="11" />
            <gear speed="16.1" name="12" />
            <gear speed="19.1" name="13" />
            <gear speed="24.3" name="14" />
            <gear speed="30.7" name="15" />
            <gear speed="39.0" name="16" />			
        </gears>
		
    </realManualTransmission>

	<realManualTransmission configFile="mt900E.xml" >
	
        <gears defaultGear="9" powerShift="true">
            <gear speed="15.3" name="R4" isReverse="true" />			
            <gear speed="6.29" name="R3" isReverse="true" />	
            <gear speed="5.59" name="R2" isReverse="true" />			
            <gear speed="2.34" name="R1" isReverse="true" />
            <gear speed="2.87" name="1" />
            <gear speed="3.65" name="2" />
            <gear speed="4.62" name="3" />
            <gear speed="5.86" name="4" />
            <gear speed="6.98" name="5" />
            <gear speed="7.86" name="6" />
            <gear speed="8.87" name="7" />
            <gear speed="9.98" name="8" />
            <gear speed="11.2" name="9" />
            <gear speed="12.6" name="10" />
            <gear speed="14.3" name="11" />
            <gear speed="16.1" name="12" />
            <gear speed="19.1" name="13" />
            <gear speed="24.3" name="14" />
            <gear speed="30.7" name="15" />
            <gear speed="39.0" name="16" />			
        </gears>
		
    </realManualTransmission>	

	<realManualTransmission configFile="mt1100.xml" >
	
        <gears defaultGear="9" powerShift="true">
            <gear speed="15.3" name="R4" isReverse="true" />	
            <gear speed="6.29" name="R3" isReverse="true" />
            <gear speed="5.59" name="R2" isReverse="true" />			
            <gear speed="2.34" name="R1" isReverse="true" />
            <gear speed="2.87" name="1" />
            <gear speed="3.65" name="2" />
            <gear speed="4.62" name="3" />
            <gear speed="5.86" name="4" />
            <gear speed="6.98" name="5" />
            <gear speed="7.86" name="6" />
            <gear speed="8.87" name="7" />
            <gear speed="9.98" name="8" />
            <gear speed="11.2" name="9" />
            <gear speed="12.6" name="10" />
            <gear speed="14.3" name="11" />
            <gear speed="16.1" name="12" />
            <gear speed="19.1" name="13" />
            <gear speed="24.3" name="14" />
            <gear speed="30.7" name="15" />
            <gear speed="39.0" name="16" />			
        </gears>
		
    </realManualTransmission>
	
	<realManualTransmission configFile="fiat1300dt.xml">
	
		<gears>
			<gear speed="12.5" name="1" />
			<gear speed="14.5" name="2" />
			<gear speed="19" name="3" />
			<gear speed="25" name="4" />
		</gears>
		
		<rangeSet1 powerShift="false" defaultRange="2" >
			<range ratio="0.7" name="R" isReverse="true" />
			<range ratio="0.164" name="L" />
			<range ratio="0.4" name="M" />
			<range ratio="1" name="V" />
		</rangeSet1>
			
	</realManualTransmission>

	<realManualTransmission configFile="fastrac4220.xml" >
	
        <gears powerShift="true" defaultGear="1">
            <gear speed="28.7" name="1" />
            <gear speed="34.7" name="2" />
            <gear speed="41.8" name="3" />
            <gear speed="50.3" name="4" />
            <gear speed="60.1" name="5" />
            <gear speed="72.5" name="6" />
        </gears>
		
     	<reverser type="normal" > 
			<ratios forward="1" reverse="1" />
			<settings brakeAggressionBias="0.3" clutchTime="200" />
		</reverser>	   
        
        <rangeSet1 powerShift="false" defaultRange="3" >
            <range ratio="0.06" name="A" />
            <range ratio="0.17" name="B" />
            <range ratio="0.33" name="C" />
            <range ratio="1" name="D" />
        </rangeSet1>
		
    </realManualTransmission>
	
	<realManualTransmission configFile="series6M.xml" >
	
        <gears defaultGear="3">
            <gear speed="4.4"  name="A" />
            <gear speed="9.4"  name="B" />
            <gear speed="15.0" name="C" />
            <gear speed="33.4" name="D" />
            <gear speed="50.0" name="E" />
        </gears>
		
     	<reverser type="normal" > 
			<ratios forward="1" reverse="1" />
			<settings brakeAggressionBias="0.3" clutchTime="750" />
		</reverser>	   
        
        <rangeSet1 powerShift="true" defaultRange="1" >
            <range ratio="0.549" name="1" />
            <range ratio="0.716" name="2" />
			<range ratio="0.86"  name="3" />
            <range ratio="1"     name="4" />
        </rangeSet1>
		
    </realManualTransmission>		
	
	<realManualTransmission configFile="series7R.xml" >
	
        <gears defaultGear="12" powerShift="true">
            <gear speed="29.9" name="R11" isReverse="true" />
            <gear speed="25.4" name="R10" isReverse="true" />
            <gear speed="19.1" name="R9" isReverse="true" />
            <gear speed="14.2" name="R8" isReverse="true" />
            <gear speed="10.8" name="R7" isReverse="true" />
            <gear speed="8" name="R6" isReverse="true" />
            <gear speed="6.1" name="R5" isReverse="true" />
            <gear speed="5.3" name="R4" isReverse="true" />
            <gear speed="4" name="R3" isReverse="true" />
            <gear speed="3.1" name="R2" isReverse="true" />
            <gear speed="2.3" name="R1" isReverse="true" />
            <gear speed="2.4" name="F1" />
            <gear speed="2.7" name="F2" />
            <gear speed="3.2" name="F3" />
            <gear speed="3.7" name="F4" />
            <gear speed="4.3" name="F5" />
            <gear speed="5" name="F6" />
            <gear speed="5.6" name="F7" />
            <gear speed="6.6" name="F8" />
            <gear speed="7.6" name="F9" />
            <gear speed="8.7" name="F10" />
            <gear speed="10" name="F11" />
            <gear speed="11.4" name="F12" />
            <gear speed="13.4" name="F13" />
            <gear speed="15.1" name="F14" />
            <gear speed="17.5" name="F15" />
            <gear speed="20.4" name="F16" />
            <gear speed="23.7" name="F17" />
            <gear speed="27.2" name="F18" />
            <gear speed="31.4" name="F19" />
            <gear speed="36.2" name="F20" />
            <gear speed="41.8" name="F21" />
            <gear speed="47.8" name="F22" />
            <gear speed="55" name="F23" />	
		</gears>	
    </realManualTransmission>	
	
	<realManualTransmission configFile="series8R.xml" >
	
        <gears defaultGear="12" powerShift="true">
            <gear speed="29.9" name="R11" isReverse="true" />
            <gear speed="25.4" name="R10" isReverse="true" />
            <gear speed="19.1" name="R9" isReverse="true" />
            <gear speed="14.2" name="R8" isReverse="true" />
            <gear speed="10.8" name="R7" isReverse="true" />
            <gear speed="8" name="R6" isReverse="true" />
            <gear speed="6.1" name="R5" isReverse="true" />
            <gear speed="5.3" name="R4" isReverse="true" />
            <gear speed="4" name="R3" isReverse="true" />
            <gear speed="3.1" name="R2" isReverse="true" />
            <gear speed="2.3" name="R1" isReverse="true" />
            <gear speed="2.4" name="F1" />
            <gear speed="2.7" name="F2" />
            <gear speed="3.2" name="F3" />
            <gear speed="3.7" name="F4" />
            <gear speed="4.3" name="F5" />
            <gear speed="5" name="F6" />
            <gear speed="5.6" name="F7" />
            <gear speed="6.6" name="F8" />
            <gear speed="7.6" name="F9" />
            <gear speed="8.7" name="F10" />
            <gear speed="10" name="F11" />
            <gear speed="11.4" name="F12" />
            <gear speed="13.4" name="F13" />
            <gear speed="15.1" name="F14" />
            <gear speed="17.5" name="F15" />
            <gear speed="20.4" name="F16" />
            <gear speed="23.7" name="F17" />
            <gear speed="27.2" name="F18" />
            <gear speed="31.4" name="F19" />
            <gear speed="36.2" name="F20" />
            <gear speed="41.8" name="F21" />
            <gear speed="47.8" name="F22" />
            <gear speed="55" name="F23" />	
		</gears>			
    </realManualTransmission>		

	<realManualTransmission configFile="series8RT.xml" >
	
        <gears defaultGear="12" powerShift="true">
            <gear speed="29.9" name="R11" isReverse="true" />
            <gear speed="25.4" name="R10" isReverse="true" />
            <gear speed="19.1" name="R9" isReverse="true" />
            <gear speed="14.2" name="R8" isReverse="true" />
            <gear speed="10.8" name="R7" isReverse="true" />
            <gear speed="8" name="R6" isReverse="true" />
            <gear speed="6.1" name="R5" isReverse="true" />
            <gear speed="5.3" name="R4" isReverse="true" />
            <gear speed="4" name="R3" isReverse="true" />
            <gear speed="3.1" name="R2" isReverse="true" />
            <gear speed="2.3" name="R1" isReverse="true" />
            <gear speed="2.4" name="F1" />
            <gear speed="2.7" name="F2" />
            <gear speed="3.2" name="F3" />
            <gear speed="3.7" name="F4" />
            <gear speed="4.3" name="F5" />
            <gear speed="5" name="F6" />
            <gear speed="5.6" name="F7" />
            <gear speed="6.6" name="F8" />
            <gear speed="7.6" name="F9" />
            <gear speed="8.7" name="F10" />
            <gear speed="10" name="F11" />
            <gear speed="11.4" name="F12" />
            <gear speed="13.4" name="F13" />
            <gear speed="15.1" name="F14" />
            <gear speed="17.5" name="F15" />
            <gear speed="20.4" name="F16" />
            <gear speed="23.7" name="F17" />
            <gear speed="27.2" name="F18" />
            <gear speed="31.4" name="F19" />
            <gear speed="36.2" name="F20" />
            <gear speed="41.8" name="F21" />
            <gear speed="47.8" name="F22" />
            <gear speed="55" name="F23" />	
		</gears>			
    </realManualTransmission>	
	
	<realManualTransmission configFile="MF5600.xml" >
	
        <gears defaultGear="2">
            <gear speed="3.725" name="1"/>
            <gear speed="9.3" name="2"/>
            <gear speed="18.9" name="3"/>
            <gear speed="40" name="4"/>
        </gears>
		
     	<reverser type="normal" > 
			<ratios forward="1" reverse="1" />
			<settings brakeAggressionBias="0.3" clutchTime="300" />
		</reverser>	   
        
        <rangeSet1 powerShift="true" defaultRange="1" >
            <range ratio="0.547" name="A" />
            <range ratio="0.666" name="B" />
			<range ratio="0.808" name="C" />
            <range ratio="1" 	 name="D" />			
        </rangeSet1>
		
    </realManualTransmission>	

	<realManualTransmission configFile="MF7700.xml" >
	
        <gears defaultGear="2">
            <gear speed="5" name="1"/>
            <gear speed="15.5" name="2"/>
            <gear speed="27" name="3"/>
            <gear speed="56.4" name="4"/>
        </gears>
		
     	<reverser type="normal" > 
			<ratios forward="1" reverse="1" />
			<settings brakeAggressionBias="0.3" clutchTime="300" />
		</reverser>	   
        
        <rangeSet1 powerShift="true" defaultRange="1" >
            <range ratio="0.416" name="A" />
            <range ratio="0.495" name="B" />
			<range ratio="0.584" name="C" />
            <range ratio="0.703" name="D" />
			<range ratio="0.831" name="E" />
            <range ratio="1"     name="F" />			
        </rangeSet1>
		
    </realManualTransmission>		
	
	<realManualTransmission configFile="T5.xml" >
	
        <gears>
            <gear speed="10.2" name="1"/>
            <gear speed="18.4" name="2"/>
            <gear speed="30.2" name="3"/>
            <gear speed="51.2" name="4"/>
        </gears>
		
     	<reverser type="normal" > 
			<ratios forward="1" reverse="1" />
			<settings brakeAggressionBias="0.3" clutchTime="400" />
		</reverser>	   
        
        <rangeSet1 powerShift="true" defaultRange="2" >
            <range ratio="0.58" name="L" />
            <range ratio="0.70" name="M" />
			<range ratio="0.83"  name="H" />
            <range ratio="1"     name="S" />
        </rangeSet1>
		
        <rangeSet2 powerShift="false" defaultRange="2" >
            <range ratio="0.3" name="-" />
            <range ratio="1"   name=" " />
        </rangeSet2>	
		
    </realManualTransmission>	

	<realManualTransmission configFile="T6.xml" >
	
        <gears defaultGear="10" powerShift="true">	
            <gear speed="2.2" name="1" />	
            <gear speed="2.7" name="2" />	
            <gear speed="3.3" name="3" />	
            <gear speed="4.2" name="4" />	
            <gear speed="5.2" name="5" />	
            <gear speed="6.3" name="6" />	
            <gear speed="7.7" name="7" />	
            <gear speed="8.6" name="8" />	
            <gear speed="9.9" name="9" />	
            <gear speed="10.5" name="10" />	
            <gear speed="12.9" name="11" />	
            <gear speed="16.5" name="12" />	
            <gear speed="21.2" name="13" />	
            <gear speed="26.0" name="14" />	
            <gear speed="31.7" name="15" />	
            <gear speed="40.7" name="16" />	
            <gear speed="48.7" name="17" />				
        </gears>
		
     	<reverser type="normal" > 
			<ratios forward="1" reverse="1" />
			<settings brakeAggressionBias="0.3" clutchTime="400" />
		</reverser>	   		
		
    </realManualTransmission>	

	<realManualTransmission configFile="T7.xml" >
	
        <gears defaultGear="10" powerShift="true">	
            <gear speed="2.2" name="1" />	
            <gear speed="2.7" name="2" />	
            <gear speed="3.3" name="3" />	
            <gear speed="4.2" name="4" />	
            <gear speed="5.2" name="5" />	
            <gear speed="6.3" name="6" />	
            <gear speed="7.7" name="7" />	
            <gear speed="8.6" name="8" />	
            <gear speed="9.9" name="9" />	
            <gear speed="10.5" name="10" />	
            <gear speed="12.9" name="11" />	
            <gear speed="16.5" name="12" />	
            <gear speed="21.2" name="13" />	
            <gear speed="26.0" name="14" />	
            <gear speed="31.7" name="15" />	
            <gear speed="40.7" name="16" />	
            <gear speed="48.7" name="17" />				
        </gears>
		
     	<reverser type="normal" > 
			<ratios forward="1" reverse="1" />
			<settings brakeAggressionBias="0.3" clutchTime="400" />
		</reverser>	 
		
    </realManualTransmission>	

	<realManualTransmission configFile="T8.xml" >
	
        <gears defaultGear="10" powerShift="true">
            <gear speed="10.9" name="R4" isReverse="true" />
            <gear speed="9.1" name="R3" isReverse="true" />	
            <gear speed="4.3" name="R2" isReverse="true" />			
            <gear speed="3.6" name="R1" isReverse="true" />
            <gear speed="2.1" name="1" />
            <gear speed="2.5" name="2" />
            <gear speed="2.9" name="3" />
            <gear speed="3.6" name="4" />
            <gear speed="4.3" name="5" />
            <gear speed="5.2" name="6" />
            <gear speed="6.3" name="7" />
            <gear speed="7.5" name="8" />
            <gear speed="9.1" name="9" />
            <gear speed="10.9" name="10" />
            <gear speed="13.1" name="11" />
            <gear speed="15.7" name="12" />
            <gear speed="18.9" name="13" />
            <gear speed="22.7" name="14" />
            <gear speed="27.3" name="15" />
            <gear speed="32.8" name="16" />
            <gear speed="39.4" name="17" />
            <gear speed="47.4" name="18" />
            <gear speed="57" name="19" />		
		</gears>
		
    </realManualTransmission>	

	<realManualTransmission configFile="T9.xml" >
	
        <gears defaultGear="9" powerShift="true">
            <gear speed="13.5" name="R2" isReverse="true" />		
            <gear speed="6.75" name="R1" isReverse="true" />
            <gear speed="1.68" name="1" />
            <gear speed="2.08" name="2" />
            <gear speed="2.57" name="3" />
            <gear speed="3.18" name="4" />
            <gear speed="3.92" name="5" />
            <gear speed="4.85" name="6" />
            <gear speed="5.99" name="7" />
            <gear speed="7.45" name="8" />
            <gear speed="9.14" name="9" />
            <gear speed="11.3" name="10" />
            <gear speed="13.9" name="11" />
            <gear speed="17.2" name="12" />
            <gear speed="21.3" name="13" />
            <gear speed="26.3" name="14" />
            <gear speed="32.5" name="15" />
            <gear speed="40.1" name="16" />			
        </gears>
		
    </realManualTransmission>		

	<realManualTransmission configFile="ASeries.xml" >
	
        <gears>
            <gear speed="8.1" name="1" />
            <gear speed="11.2" name="2" />
            <gear speed="15.4" name="3" />
            <gear speed="21.4" name="4" />
            <gear speed="29.8" name="5" />
            <gear speed="40.5" name="6" />
        </gears>
		
     	<reverser type="normal" > 
			<ratios forward="1" reverse="1" />
			<settings brakeAggressionBias="0.3" clutchTime="500" />
		</reverser>	   
        
        <rangeSet1 powerShift="false" defaultRange="1" >
            <range ratio="1" name="B" />
            <range ratio="0.244" name="A" />
        </rangeSet1>
            
        <rangeSet2 powerShift="false" defaultRange="1" >
            <range ratio="1" name="" />
            <range ratio="0.0659" name="K" />
        </rangeSet2>
		
    </realManualTransmission>	

	<realManualTransmission configFile="NSeries.xml" >
	
        <gears powerShift="true">
            <gear speed="25" 	name="1"/>
            <gear speed="31.3" 	name="2"/>
            <gear speed="37.6" 	name="3"/>
            <gear speed="47.1" 	name="4"/>
            <gear speed="56.6" 	name="5"/>
        </gears>
		
     	<reverser type="normal" > 
			<ratios forward="1" reverse="1" />
			<settings brakeAggressionBias="0.3" clutchTime="300" />
		</reverser>	   
        
        <rangeSet1 powerShift="false"defaultRange="1">
            <range ratio="0.15" name="A" />
            <range ratio="0.33" name="B" />
            <range ratio="0.50" name="C" />
            <range ratio="1" name="D" />			
        </rangeSet1>
            
        <rangeSet2 powerShift="false" defaultRange="2" >
            <range ratio="0.2" name="LL" />
            <range ratio="1" name="" />
        </rangeSet2>
		
    </realManualTransmission>	

	<realManualTransmission configFile="TSeries.xml" >
	
        <gears powerShift="true">
            <gear speed="25" 	name="1"/>
            <gear speed="31.3" 	name="2"/>
            <gear speed="37.6" 	name="3"/>
            <gear speed="47.1" 	name="4"/>
            <gear speed="56.6" 	name="5"/>
        </gears>
		
     	<reverser type="normal" > 
			<ratios forward="1" reverse="1" />
			<settings brakeAggressionBias="0.3" clutchTime="300" />
		</reverser>	   
        
        <rangeSet1 powerShift="false" defaultRange="1">
            <range ratio="0.15" name="A" />
            <range ratio="0.33" name="B" />
            <range ratio="0.50" name="C" />
            <range ratio="1" name="D" />			
        </rangeSet1>
            
        <rangeSet2 powerShift="false" defaultRange="2" >
            <range ratio="0.2" name="LL" />
            <range ratio="1" name="" />
        </rangeSet2>
		
    </realManualTransmission>
	
	<realManualTransmission configFile="stMax105.xml" >
	
        <gears>
            <gear speed="9.83" name="1" />
            <gear speed="15.45" name="2" />
            <gear speed="19.52" name="3" />
            <gear speed="28.77" name="4" />
        </gears>
		
     	<reverser type="normal" > 
			<ratios forward="1" reverse="1" />
			<settings brakeAggressionBias="0.3" clutchTime="500" />
		</reverser>	   
        
        <rangeSet1 powerShift="false" defaultRange="1" >  <!-- Stopping tractor before changing recommended, not possible with v0.4.0.9 -->
            <range ratio="0.169" name="Frente" />
            <range ratio="0.405" name="Normal" />
			<range ratio="1" name="Rápida" />
        </rangeSet1>
		
    </realManualTransmission>	
	
		
	<realManualTransmission configFile="stMax150.xml" >
	
        <gears>
            <gear speed="11.01" name="1" />
            <gear speed="14.20" name="2" />
            <gear speed="18.38" name="3" />
            <gear speed="23.67" name="4" />
			<gear speed="30.85" name="5" />
			<gear speed="38.16" name="6" />
        </gears>
		
     	<reverser type="normal"> 
			<ratios forward="1" reverse="1.024" />
			<settings brakeAggressionBias="0.3" clutchTime="300" />
		</reverser>	   
        
        <rangeSet1 powerShift="false" defaultRange="2" hasNeutralPosition="false"> <!-- Stopping tractor before changing recommended, not possible with v0.4.0.9? -->
            <range ratio="0.170" name="L" />
            <range ratio="0.422" name="N" />
            <range ratio="1" name="F" />
		</rangeSet1>
            
        <rangeSet2 powerShift="true" defaultRange="2" hasNeutralPosition="false"> <!-- Over/Underdrive Function -->  <!-- rangeSet2 should be locked while driving backwards, not possible with v0.4.0.9? -->
            <range ratio="0.8" name="-" />
			 <range ratio="1" name="0" />
			 <range ratio="1.2" name="+" >
				<!--disableGears gears="6" disableType="lock" /--> <!-- Only lock if "F" in rangeSet1 selected, not possible with  v0.4.0.9? -->
			</range>
        </rangeSet2>
				        
    </realManualTransmission>
	
	

</basegameConfigs>