<?xml version="1.0" encoding="utf-8" standalone="no" ?>
<modDesc descVersion="53">
    <author>modelleicher (LS-Modcompany)</author>
    <version>0.6.1.8</version>
    <title>
        <de>Real Manual Transmission</de>
		<en>Real Manual Transmission</en>
    </title>
    <description>
        <de>
<![CDATA[Mod für manuelles Schaltgetriebe]]>
        </de>
	<en>
<![CDATA[Manual transmission/gearbox mod]]>
	</en>
    </description>

	<iconFilename>store.dds</iconFilename>
	<l10n>
		<text name="input_RMT_MOUSE_BUTTON"><de>RMT: Mausbutton</de><en>RMT: Mousebutton</en></text>
		<text name="input_RMT_OPEN_MENU"><de>RMT: Menü öffnen</de><en>RMT: open menu</en></text>
		<text name="input_RMT_HANDBRAKE"><de>RMT: Handbremse</de><en>RMT: handbrake</en></text>
		<text name="input_RMT_FORWARD"><de>RMT: Reverser Vorwärts</de><en>RMT: reverser forward</en></text>
		<text name="input_RMT_REVERSE"><de>RMT: Reverser Rückwärts</de><en>RMT: reverser reverse</en></text>
		<text name="input_RMT_TOGGLE_REVERSER"><de>RMT: Reverser Umschalten</de><en>RMT: reverser toggle</en></text>
		
		<text name="input_RMT_TOGGLE_ONOFF"><de>RMT: An/Aus schalten</de><en>RMT: toggle on/off</en></text>
		
		<text name="input_RMT_HANDTHROTTLE_UP"><de>RMT: Handgas erhöhen</de><en>RMT: hand throttle up</en></text>
		<text name="input_RMT_HANDTHROTTLE_DOWN"><de>RMT: Handgas verringern</de><en>RMT: hand throttle down</en></text>
		<text name="input_RMT_HANDTHROTTLE_AXIS"><de>RMT: Handgas Analoge Achse</de><en>RMT: hand throttle axis</en></text>

		<text name="input_RMT_GEARSHIFT_AXIS"><de>RMT: Gangschalten (z.B FPS) Analoge Achse</de><en>RMT: gear-shift analog axis (for example FPS)</en></text>		
		
		<text name="input_RMT_SHIFT_UP"><de>RMT: Gang hochschalten</de><en>RMT: gear shift up</en></text>
		<text name="input_RMT_SHIFT_DOWN"><de>RMT: Gang runterschalten</de><en>RMT: gear shift down</en></text>

		<text name="input_RMT_RANGE_UP1"><de>RMT: Gruppenset1 hochschalten</de><en>RMT: rangegroup1 shift up</en></text>
		<text name="input_RMT_RANGE_DOWN1"><de>RMT: Gruppenset1 runterschalten</de><en>RMT: rangegroup1 shift down</en></text>
		<text name="input_RMT_RANGE_TOGGLE1"><de>RMT: Gruppenset1 zw. max u. min umschalten</de><en>RMT: rangegroup1 toggle between max and min range</en></text>		
		<text name="input_RMT_RANGE_UP2"><de>RMT: Gruppenset2 hochschalten</de><en>RMT: rangegroup2 shift up</en></text>
		<text name="input_RMT_RANGE_DOWN2"><de>RMT: Gruppenset2 runterschalten</de><en>RMT: rangegroup2 shift down</en></text>
		<text name="input_RMT_RANGE_TOGGLE2"><de>RMT: Gruppenset2 zw. max u. min umschalten</de><en>RMT: rangegroup2 toggle between max and min range</en></text>		
		<text name="input_RMT_RANGE_UP3"><de>RMT: Gruppenset3 hochschalten</de><en>RMT: rangegroup3 shift up</en></text>
		<text name="input_RMT_RANGE_DOWN3"><de>RMT: Gruppenset3 runterschalten</de><en>RMT: rangegroup3 shift down</en></text>
		<text name="input_RMT_RANGE_TOGGLE3"><de>RMT: Gruppenset3 zw. max u. min umschalten</de><en>RMT: rangegroup3 toggle between max and min range</en></text>		

		<text name="input_RMT_RANGE_DIRECT_1"><de>RMT: Gruppenset1 - Direktwahl Gruppe 1</de><en>RMT: rangegroup1 - direct selection range 1</en></text>	
		<text name="input_RMT_RANGE_DIRECT_2"><de>RMT: Gruppenset1 - Direktwahl Gruppe 2</de><en>RMT: rangegroup1 - direct selection range 2</en></text>
		<text name="input_RMT_RANGE_DIRECT_3"><de>RMT: Gruppenset1 - Direktwahl Gruppe 3</de><en>RMT: rangegroup1 - direct selection range 3</en></text>	
		<text name="input_RMT_RANGE_DIRECT_4"><de>RMT: Gruppenset1 - Direktwahl Gruppe 4</de><en>RMT: rangegroup1 - direct selection range 4</en></text>
		<text name="input_RMT_RANGE_DIRECT_5"><de>RMT: Gruppenset1 - Direktwahl Gruppe 5</de><en>RMT: rangegroup1 - direct selection range 5</en></text>	
		<text name="input_RMT_RANGE_DIRECT_6"><de>RMT: Gruppenset1 - Direktwahl Gruppe 6</de><en>RMT: rangegroup1 - direct selection range 6</en></text>
		
		<text name="input_RMT_AXIS_CLUTCH"><de>RMT: Kupplungsachse (analog)</de><en>RMT: clutch axis</en></text>
		<text name="input_RMT_CLUTCH_BUTTON"><de>RMT: Kupplungstaste/Button</de><en>RMT: clutch key/button</en></text>
		
		<text name="input_RMT_NEUTRAL"><de>RMT: Leerlauf</de><en>RMT: neutral</en></text>
		
		<text name="input_RMT_SELECT_GEAR_1"><de>RMT: Gang-Direktwahl 1</de><en>RMT: gear 1</en></text>
		<text name="input_RMT_SELECT_GEAR_2"><de>RMT: Gang-Direktwahl 2</de><en>RMT: gear 2</en></text>
		<text name="input_RMT_SELECT_GEAR_3"><de>RMT: Gang-Direktwahl 3</de><en>RMT: gear 3</en></text>
		<text name="input_RMT_SELECT_GEAR_4"><de>RMT: Gang-Direktwahl 4</de><en>RMT: gear 4</en></text>
		<text name="input_RMT_SELECT_GEAR_5"><de>RMT: Gang-Direktwahl 5</de><en>RMT: gear 5</en></text>
		<text name="input_RMT_SELECT_GEAR_6"><de>RMT: Gang-Direktwahl 6</de><en>RMT: gear 6</en></text>
		<text name="input_RMT_SELECT_GEAR_7"><de>RMT: Gang-Direktwahl 7</de><en>RMT: gear 7</en></text>
		<text name="input_RMT_SELECT_GEAR_8"><de>RMT: Gang-Direktwahl 8</de><en>RMT: gear 8</en></text>
		<text name="input_RMT_SELECT_GEAR_9"><de>RMT: Gang-Direktwahl 9</de><en>RMT: gear 9</en></text>
		<text name="input_RMT_SELECT_GEAR_10"><de>RMT: Gang-Direktwahl 10</de><en>RMT: gear 10</en></text>

		<text name="gui_on"><de>An</de><en>On</en></text>	
		<text name="gui_off"><de>Aus</de><en>Off</en></text>			
		<text name="gui_showHud"><de>Hud</de><en>Hud</en></text>		
		<text name="gui_showGear"><de>Gang</de><en>Gear</en></text>	
		<text name="gui_showRange"><de>Gruppen</de><en>Ranges</en></text>	
		<text name="gui_showReverser"><de>Reverser</de><en>Reverser</en></text>	
		<text name="gui_showClutch"><de>Kupplung</de><en>Clutch</en></text>	
		<text name="gui_showRpm"><de>Drehzahl</de><en>RPM</en></text>	
		<text name="gui_showHandbrake"><de>Handbremse</de><en>Handbrake</en></text>	
		<text name="gui_showSpeed"><de>Geschwindigkeit</de><en>Speed</en></text>	
		<text name="gui_showLoad"><de>Last</de><en>Load</en></text>	
		<text name="gui_showHudBackground"><de>Hud Hintergrund</de><en>Hud Background</en></text>	

	</l10n>
	
    <multiplayer supported="true"/> 
    <extraSourceFiles>
        <sourceFile filename="registerRMT.lua"/>

        <sourceFile filename="gui/rmtMenuGui_main.lua"/>
        <sourceFile filename="gui/rmtMenuGui_mainSettings.lua"/>
        <sourceFile filename="gui/rmtMenuGui_hudSettings.lua"/>
        <sourceFile filename="gui/rmtMenuGui_inputSettings.lua"/>

        <sourceFile filename="rmtOverride.lua"/>
        <sourceFile filename="rmtUtils.lua"/>
        <sourceFile filename="events/processClutchInputEvent.lua"/>
        <sourceFile filename="events/processGearInputsEvent.lua"/>
        <sourceFile filename="events/processRangeInputsEvent.lua"/>
        <sourceFile filename="events/selectReverserEvent.lua"/>
        <sourceFile filename="events/setHandbrakeEvent.lua"/>
        <sourceFile filename="events/synchGearsAndRangesEvent.lua"/>
        <sourceFile filename="events/synchMenuInputEvent.lua"/>
        <sourceFile filename="events/processToggleOnOffEvent.lua"/>
    </extraSourceFiles>
	
	
	<inputBinding>
		<actionBinding action="RMT_TOGGLE_ONOFF">
			<binding device="KB_MOUSE_DEFAULT" input="" />
		</actionBinding>	
		<actionBinding action="RMT_OPEN_MENU">
			<binding device="KB_MOUSE_DEFAULT" input="KEY_m" />
		</actionBinding>		
		<actionBinding action="RMT_HANDBRAKE">
			<binding device="KB_MOUSE_DEFAULT" input="" />
		</actionBinding>	
		<actionBinding action="RMT_FORWARD">
			<binding device="KB_MOUSE_DEFAULT" input="" />
		</actionBinding>
		<actionBinding action="RMT_REVERSE">
			<binding device="KB_MOUSE_DEFAULT" input="" />
		</actionBinding>		
		<actionBinding action="RMT_TOGGLE_REVERSER">
			<binding device="KB_MOUSE_DEFAULT" input="" />
		</actionBinding>	

		<actionBinding action="RMT_HANDTHROTTLE_UP">
			<binding device="KB_MOUSE_DEFAULT" input="" />
		</actionBinding>
		<actionBinding action="RMT_HANDTHROTTLE_DOWN">
			<binding device="KB_MOUSE_DEFAULT" input="" />
		</actionBinding>
		<actionBinding action="RMT_HANDTHROTTLE_AXIS">
			<binding device="KB_MOUSE_DEFAULT" input="" />
		</actionBinding>

		<actionBinding action="RMT_GEARSHIFT_AXIS">
			<binding device="KB_MOUSE_DEFAULT" input="" />
		</actionBinding>		
		
		<actionBinding action="RMT_SHIFT_UP">
			<binding device="KB_MOUSE_DEFAULT" input="" />
		</actionBinding>
		<actionBinding action="RMT_SHIFT_DOWN">
			<binding device="KB_MOUSE_DEFAULT" input="" />
		</actionBinding>
		<actionBinding action="RMT_RANGE_UP1">
			<binding device="KB_MOUSE_DEFAULT" input="" />
		</actionBinding>
		<actionBinding action="RMT_RANGE_DOWN1">
			<binding device="KB_MOUSE_DEFAULT" input="" />
		</actionBinding>
		<actionBinding action="RMT_RANGE_TOGGLE1">
			<binding device="KB_MOUSE_DEFAULT" input="" />
		</actionBinding>		
		<actionBinding action="RMT_RANGE_UP2">
			<binding device="KB_MOUSE_DEFAULT" input="" />
		</actionBinding>
		<actionBinding action="RMT_RANGE_DOWN2">
			<binding device="KB_MOUSE_DEFAULT" input="" />
		</actionBinding>
		<actionBinding action="RMT_RANGE_TOGGLE2">
			<binding device="KB_MOUSE_DEFAULT" input="" />
		</actionBinding>		
		<actionBinding action="RMT_RANGE_UP3">
			<binding device="KB_MOUSE_DEFAULT" input="" />
		</actionBinding>
		<actionBinding action="RMT_RANGE_DOWN3">
			<binding device="KB_MOUSE_DEFAULT" input="" />
		</actionBinding>
		<actionBinding action="RMT_RANGE_TOGGLE3">
			<binding device="KB_MOUSE_DEFAULT" input="" />
		</actionBinding>	

		<actionBinding action="RMT_RANGE_DIRECT_1">
			<binding device="KB_MOUSE_DEFAULT" input="" />
		</actionBinding>				
		<actionBinding action="RMT_RANGE_DIRECT_2">
			<binding device="KB_MOUSE_DEFAULT" input="" />
		</actionBinding>	
		<actionBinding action="RMT_RANGE_DIRECT_3">
			<binding device="KB_MOUSE_DEFAULT" input="" />
		</actionBinding>	
		<actionBinding action="RMT_RANGE_DIRECT_4">
			<binding device="KB_MOUSE_DEFAULT" input="" />
		</actionBinding>				
		<actionBinding action="RMT_RANGE_DIRECT_5">
			<binding device="KB_MOUSE_DEFAULT" input="" />
		</actionBinding>	
		<actionBinding action="RMT_RANGE_DIRECT_6">
			<binding device="KB_MOUSE_DEFAULT" input="" />
		</actionBinding>

		<actionBinding action="RMT_AXIS_CLUTCH">
			<binding device="KB_MOUSE_DEFAULT" input="" />
		</actionBinding>		
		<actionBinding action="RMT_CLUTCH_BUTTON">
			<binding device="KB_MOUSE_DEFAULT" input="" />
		</actionBinding>	
		
		<actionBinding action="RMT_NEUTRAL">
			<binding device="KB_MOUSE_DEFAULT" input="" />
		</actionBinding>		

		<actionBinding action="RMT_SELECT_GEAR_1">
			<binding device="KB_MOUSE_DEFAULT" input="" />
		</actionBinding>
		<actionBinding action="RMT_SELECT_GEAR_2">
			<binding device="KB_MOUSE_DEFAULT" input="" />
		</actionBinding>	
		<actionBinding action="RMT_SELECT_GEAR_3">
			<binding device="KB_MOUSE_DEFAULT" input="" />
		</actionBinding>		
		<actionBinding action="RMT_SELECT_GEAR_4">
			<binding device="KB_MOUSE_DEFAULT" input="" />
		</actionBinding>	
		<actionBinding action="RMT_SELECT_GEAR_5">
			<binding device="KB_MOUSE_DEFAULT" input="" />
		</actionBinding>
		<actionBinding action="RMT_SELECT_GEAR_6">
			<binding device="KB_MOUSE_DEFAULT" input="" />
		</actionBinding>	
		<actionBinding action="RMT_SELECT_GEAR_7">
			<binding device="KB_MOUSE_DEFAULT" input="" />
		</actionBinding>
		<actionBinding action="RMT_SELECT_GEAR_8">
			<binding device="KB_MOUSE_DEFAULT" input="" />
		</actionBinding>
		<actionBinding action="RMT_SELECT_GEAR_9">
			<binding device="KB_MOUSE_DEFAULT" input="" />
		</actionBinding>	
		<actionBinding action="RMT_SELECT_GEAR_10">
			<binding device="KB_MOUSE_DEFAULT" input="" />
		</actionBinding>							
    </inputBinding>	
	
	<actions>
		<action name="RMT_OPEN_MENU" />
		<action name="RMT_TOGGLE_ONOFF" />
		
		<action name="RMT_AXIS_CLUTCH" />
		<action name="RMT_CLUTCH_BUTTON" />
		
		<action name="RMT_SHIFT_UP" />
		<action name="RMT_SHIFT_DOWN" />
		
		<action name="RMT_RANGE_UP1" />
		<action name="RMT_RANGE_DOWN1" />	
		<action name="RMT_RANGE_TOGGLE1" />				
		<action name="RMT_RANGE_UP2" />
		<action name="RMT_RANGE_DOWN2" />
		<action name="RMT_RANGE_TOGGLE2" />			
		<action name="RMT_RANGE_UP3" />
		<action name="RMT_RANGE_DOWN3" />
		<action name="RMT_RANGE_TOGGLE3" />	

		<action name="RMT_RANGE_DIRECT_1" />					
		<action name="RMT_RANGE_DIRECT_2" />
		<action name="RMT_RANGE_DIRECT_3" />
		<action name="RMT_RANGE_DIRECT_4" />					
		<action name="RMT_RANGE_DIRECT_5" />
		<action name="RMT_RANGE_DIRECT_6" />

		<action name="RMT_FORWARD" />
		<action name="RMT_REVERSE" />
		<action name="RMT_TOGGLE_REVERSER" />

		<action name="RMT_GEARSHIFT_AXIS" />		
		
		<action name="RMT_HANDTHROTTLE_AXIS" />
		<action name="RMT_HANDTHROTTLE_DOWN" />
		<action name="RMT_HANDTHROTTLE_UP" />
		
		<action name="RMT_HANDBRAKE" />
		
		<action name="RMT_NEUTRAL" />
		
		<action name="RMT_SELECT_GEAR_1" />
		<action name="RMT_SELECT_GEAR_2" />
		<action name="RMT_SELECT_GEAR_3" />
		<action name="RMT_SELECT_GEAR_4" />
		<action name="RMT_SELECT_GEAR_5" />
		<action name="RMT_SELECT_GEAR_6" />
		<action name="RMT_SELECT_GEAR_7" />
		<action name="RMT_SELECT_GEAR_8" />
		<action name="RMT_SELECT_GEAR_9" />
		<action name="RMT_SELECT_GEAR_10" />

	</actions>
	
</modDesc>