<?xml version="1.0" encoding="utf-8" standalone="no" ?>

<GUI onOpen="onOpen" onClose="onClose" onCreate="onCreate">
    <GuiElement type="empty" profile="newLayer" />
    <GuiElement type="bitmap" profile="dialogFullscreenBg" />

    <GuiElement debugEnabled="false" type="bitmap" profile="dialogBg" size="1200px 800px" id="dialogElement">
        <GuiElement type="flowLayout" profile="buttonBoxDialog" id="buttonsPC">
            <GuiElement type="button" profile="buttonOK" text="$l10n_button_confirm" onClick="onClickOk" id="yesButton"/>
            <GuiElement type="button" profile="buttonBack" text="$l10n_button_back" onClick="onClickBack" id="noButton"/>
        </GuiElement>

        <!-- Clutch Setting, Manual, Low RPM Open, Automatic, Auto + Low RPM Open -->
        <GuiElement type="checkedOption" profile="multiTextOption" position="-350px 600px" screenAlign="bottomCenter" positionOrigin="bottomCenter" onClick="onClickButton_clutchSetting" id="clutchSettingButton" >
            <GuiElement type="button" profile="multiTextOptionLeft" />
            <GuiElement type="button" profile="multiTextOptionRight" />
            <GuiElement type="text" profile="multiTextOptionSettingsText"/>
            <GuiElement type="text" profile="multiTextOptionTitle" position="0px 30px" screenAlign="topCenter" positionOrigin="topCenter" id="clutchSetting" text="Clutch Settings"/>
            <GuiElement type="bitmap" profile="multiTextOptionBg"/>
        </GuiElement>
      
    </GuiElement>
</GUI>