﻿<?xml version="1.0" encoding="utf-8" standalone="no" ?>
<modDesc descVersion="41">
    <author>modelleicher</author>
    <version>1.0.0.0</version>
    <iconFilename>store_favorit500.png</iconFilename>
	
	<title>
        <en>Fendt 500C RMT Sample</en>	
        <de>Fendt 500C RMT Beispielmod</de>
    </title>
	
    <description>
		<en>
<![CDATA[Fendt 500C Sample]]]>	
		</en>	
        <de>
<![CDATA[Fendt 500C Sample]]>
		</de>
    </description>

	<brandColors>
	  <color name="FENDT_PETROL" value="0 0.17013 0.20836 1" />
	  <color name="FENDT_ORANGE" value="1 0.3392 0.19991 1" />
	</brandColors>

	
    <storeItems>
        <storeItem rootNode="vehicle" xmlFilename="favorit500.xml"/>
    </storeItems>
	
	<specializations>
        <!--specialization name="zylinderV2"	 className="zylinderV2"   filename="scripts/zylinderV2.lua"/-->
        <!--specialization name="fakeBox"	 className="fakeBox"   filename="scripts/fakeBox.lua"/-->
 	</specializations>  

	<vehicleTypes>
        <type name="FendtFavorit500ME" parent="tractor">

			<!--specialization name="zylinderV2"/-->	
			<!--specialization name="fakeBox"/-->	
        </type>
	</vehicleTypes>
	

	
</modDesc>
