<?xml version="1.0" encoding="utf-8" standalone="no" ?>
<sounds>
    <motorStart template="SMALL_TRACTOR_MOTOR_START" file="sounds/Puma240_Start.wav" linkNode="0>"/>
    <motorStop template="SMALL_TRACTOR_MOTOR_STOP" file="sounds/Puma240_Stop.wav" linkNode="0>"/>

    <motor template="SMALL_TRACTOR_MOTOR_IDLE" file="sounds/Puma240_idle.wav" linkNode="0>"/>
    <motor template="SMALL_TRACTOR_MOTOR_OFFLOAD_RUN" file="sounds/Puma185_Run.wav" linkNode="0>"/>
	
    <!--motor template="SMALL_TRACTOR_MOTOR_ONLOAD_RUN" file="sounds/Puma185_Load.wav" linkNode="0>"/-->
	<motor file="sounds/Puma240_Load.wav" linkNode="0>" innerRadius="15.0" outerRadius="100.0" >
        <pitch indoor="1.0" outdoor="1.0" >
			<modifier type="MOTOR_RPM" value="0"    modifiedValue="0.30" />
            <modifier type="MOTOR_RPM" value="0.20" modifiedValue="0.80" />
			<modifier type="MOTOR_RPM" value="0.50" modifiedValue="1.00" />
            <modifier type="MOTOR_RPM" value="1.00" modifiedValue="1.30" />
        </pitch>	
        <volume indoor="1" outdoor="1.0" >
            <modifier type="MOTOR_LOAD" value="0.0" modifiedValue="0.00" />
			<modifier type="MOTOR_LOAD" value="0.1" modifiedValue="0.4" />
            <modifier type="MOTOR_LOAD" value="0.2" modifiedValue="0.8" />
            <modifier type="MOTOR_LOAD" value="1.0" modifiedValue="1.20" />
        </volume>
    </motor>

    <!--gearbox template="DEFAULT_GEARBOX" file="$data/sounds/vehicles/transmission/transmission_cvtx_loop.wav" linkNode="0>"/-->
    <!--retarder template="DEFAULT_RETARDER" file="$data/sounds/vehicles/retarder/retarder_loop_01.wav" linkNode="0>"/-->

    <airCompressorStart template="BRAKE_COMPRESSOR_START" linkNode="0>"/>
    <airCompressorStop template="BRAKE_COMPRESSOR_STOP" linkNode="0>"/>
    <airCompressorRun template="BRAKE_COMPRESSOR_RUN" linkNode="0>"/>
    <compressedAir template="BRAKE_SMALL" linkNode="0>"/>
    <airRelease template="BRAKE_REGULATOR_VALVE" linkNode="0>"/>
</sounds>
